epoch,accuracy,loss,val_accuracy,val_loss
0,0.46000000834465027,2.8480634689331055,0.20000000298023224,3.7915947437286377
1,0.5774999856948853,2.2190778255462646,0.20200000703334808,3.469578742980957
2,0.6256250143051147,2.041449546813965,0.2460000067949295,2.8655502796173096
3,0.6606249809265137,1.9337372779846191,0.3479999899864197,3.2080740928649902
4,0.6740624904632568,1.8174322843551636,0.5640000104904175,2.1607844829559326
5,0.7049999833106995,1.6978747844696045,0.578000009059906,2.272189140319824
6,0.715624988079071,1.5994627475738525,0.7319999933242798,1.5782955884933472
7,0.7318750023841858,1.4841727018356323,0.6119999885559082,2.200674057006836
8,0.7496874928474426,1.4107921123504639,0.6600000262260437,1.7367256879806519
9,0.7699999809265137,1.336769700050354,0.7059999704360962,1.4561911821365356
10,0.765625,1.2877399921417236,0.7080000042915344,1.5894712209701538
11,0.7718750238418579,1.2306969165802002,0.6480000019073486,1.878715991973877
12,0.8071874976158142,1.1357531547546387,0.7620000243186951,1.230863094329834
13,0.8215625286102295,1.0493531227111816,0.7080000042915344,1.360864281654358
14,0.8343750238418579,0.9989485144615173,0.8140000104904175,1.084458351135254
15,0.8256250023841858,0.9693564772605896,0.6639999747276306,1.528303623199463
16,0.8381249904632568,0.9252005815505981,0.7400000095367432,1.2881008386611938
17,0.8349999785423279,0.9232725501060486,0.8479999899864197,0.9042332172393799
18,0.8512499928474426,0.8838101029396057,0.6800000071525574,1.7260468006134033
19,0.8515625,0.8685768246650696,0.8519999980926514,0.8641158938407898
20,0.8440625071525574,0.8806104063987732,0.843999981880188,0.9060970544815063
21,0.8578125238418579,0.835936427116394,0.8519999980926514,0.9206362366676331
22,0.8575000166893005,0.8317973613739014,0.75,1.1602592468261719
23,0.8631250262260437,0.8099609613418579,0.7139999866485596,1.2540665864944458
24,0.8618749976158142,0.8373374342918396,0.8119999766349792,1.0488436222076416
25,0.8818749785423279,0.7673617601394653,0.8840000033378601,0.7800276875495911
26,0.8978124856948853,0.714260458946228,0.8240000009536743,0.9051964282989502
27,0.8987500071525574,0.6905450224876404,0.871999979019165,0.7824103832244873
28,0.8981249928474426,0.6882429718971252,0.8579999804496765,0.8294462561607361
29,0.9081249833106995,0.6423800587654114,0.8119999766349792,0.9280303120613098
30,0.901562511920929,0.6378101706504822,0.8640000224113464,0.7674632668495178
31,0.9140625,0.6095256209373474,0.9200000166893005,0.6572296023368835
32,0.9303125143051147,0.5697348117828369,0.9200000166893005,0.6497155427932739
33,0.9290624856948853,0.5656902194023132,0.9100000262260437,0.6413633823394775
34,0.9271875023841858,0.5600370764732361,0.9160000085830688,0.6265323758125305
35,0.9275000095367432,0.5402886271476746,0.906000018119812,0.6440488696098328
36,0.9321874976158142,0.5323265790939331,0.9100000262260437,0.6339589357376099
37,0.9334375262260437,0.5222074389457703,0.9179999828338623,0.6088964343070984
38,0.9362499713897705,0.5026565790176392,0.9259999990463257,0.5878757238388062
39,0.9431250095367432,0.49785560369491577,0.9200000166893005,0.617587685585022
40,0.9409375190734863,0.47832271456718445,0.9359999895095825,0.5638271570205688
41,0.9471874833106995,0.469778835773468,0.921999990940094,0.5707621574401855
42,0.9518749713897705,0.458382785320282,0.9240000247955322,0.5804193019866943
43,0.9478124976158142,0.4587411880493164,0.9300000071525574,0.5626643300056458
44,0.9443749785423279,0.4620663821697235,0.9259999990463257,0.5458179116249084
45,0.9456250071525574,0.46236327290534973,0.9359999895095825,0.5497845411300659
46,0.9543750286102295,0.4334411323070526,0.9419999718666077,0.5080524682998657
47,0.9462500214576721,0.44090569019317627,0.9179999828338623,0.5493021607398987
48,0.9556249976158142,0.4287731945514679,0.9120000004768372,0.5751984715461731
49,0.9587500095367432,0.4231361150741577,0.9160000085830688,0.5580055117607117
50,0.9509375095367432,0.42911937832832336,0.9480000138282776,0.48445338010787964
51,0.9540625214576721,0.42302268743515015,0.9419999718666077,0.491767019033432
52,0.9565625190734863,0.4123726189136505,0.9319999814033508,0.5176877379417419
53,0.9624999761581421,0.4061816930770874,0.9399999976158142,0.5077098608016968
54,0.9534375071525574,0.4097314774990082,0.9200000166893005,0.5406463742256165
55,0.9637500047683716,0.3951229155063629,0.9340000152587891,0.5076721906661987
56,0.9612500071525574,0.39446452260017395,0.9240000247955322,0.5105703473091125
57,0.9584375023841858,0.4016662538051605,0.9179999828338623,0.5271204113960266
58,0.9612500071525574,0.3940168619155884,0.9200000166893005,0.5126761198043823
59,0.9543750286102295,0.40065354108810425,0.9319999814033508,0.4938929080963135
60,0.9596874713897705,0.3933134973049164,0.9340000152587891,0.5066792368888855
61,0.957812488079071,0.4034380316734314,0.9380000233650208,0.49439331889152527
62,0.9618750214576721,0.380810022354126,0.9340000152587891,0.4869716167449951
